,id,value,feed_id,created_at,lat,lon,ele
11710,0EZT74KS661WA5V9KG2N3G4FEB,"{""temp"": ""49"", ""humid"": ""50"", ""light"": ""51""}",1839383,2022-03-30 13:32:48 UTC,,,
11711,0EZT760GDA38KGD761ME1757EF,"{""temp"": ""49"", ""humid"": ""50"", ""light"": ""51""}",1839383,2022-03-30 13:35:15 UTC,,,
11754,0EZVDY1SGP16F9HCH0A1DR0VJY,"{""temp"": ""28.02"", ""humid"": ""44"", ""light"": ""145""}",1839383,2022-04-01 01:42:23 UTC,,,
11755,0EZVDY3WZVN2NY327A2BK951Y2,"{""temp"": ""28.02"", ""humid"": ""44"", ""light"": ""171""}",1839383,2022-04-01 01:42:30 UTC,,,
11756,0EZVDY62KCWAW2VPRHE1ANXTAN,"{""temp"": ""28.02"", ""humid"": ""44"", ""light"": ""147""}",1839383,2022-04-01 01:42:37 UTC,,,
11757,0EZVDY87WCC65TQHF7FTCP0ERX,"{""temp"": ""28.02"", ""humid"": ""44"", ""light"": ""333""}",1839383,2022-04-01 01:42:44 UTC,,,
11758,0EZVDYAD6GH7CJJYHQP56XT0QQ,"{""temp"": ""28.02"", ""humid"": ""44"", ""light"": ""148""}",1839383,2022-04-01 01:42:51 UTC,,,
11759,0EZVDYCJ8YT8BA5CJM47D2H439,"{""temp"": ""28.02"", ""humid"": ""44"", ""light"": ""333""}",1839383,2022-04-01 01:42:58 UTC,,,
11760,0EZVDYEQM7TS7VVAEG2Y2PP82T,"{""temp"": ""28.02"", ""humid"": ""44"", ""light"": ""211""}",1839383,2022-04-01 01:43:05 UTC,,,
11761,0EZVDYGX46WCTRFGX64GRR5C9J,"{""temp"": ""28.02"", ""humid"": ""43"", ""light"": ""153""}",1839383,2022-04-01 01:43:12 UTC,,,
11762,0EZVDYN7KGDYBZ422WQCQ56MPX,"{""temp"": ""28.02"", ""humid"": ""43"", ""light"": ""328""}",1839383,2022-04-01 01:43:26 UTC,,,
11763,0EZVDYQCWBTP2HXPMD2SYP4BP7,"{""temp"": ""28.02"", ""humid"": ""43"", ""light"": ""156""}",1839383,2022-04-01 01:43:33 UTC,,,
11764,0EZVDYSHG6TRP3ZXTARWRHB2SX,"{""temp"": ""28.01"", ""humid"": ""43"", ""light"": ""321""}",1839383,2022-04-01 01:43:40 UTC,,,
11765,0EZVDYVPV3ZMTZJXJK407HH22Y,"{""temp"": ""28.01"", ""humid"": ""43"", ""light"": ""158""}",1839383,2022-04-01 01:43:48 UTC,,,
11766,0EZVDYXW5JB1S23QBMZAPN06WX,"{""temp"": ""28.01"", ""humid"": ""42"", ""light"": ""288""}",1839383,2022-04-01 01:43:55 UTC,,,
11767,0EZVDZF5YD229M3PEZ6NSTFA93,"{""temp"": ""27.08"", ""humid"": ""42"", ""light"": ""258""}",1839383,2022-04-01 01:44:51 UTC,,,
11768,0EZVDZHB9941KVMNRGNCRJ5WSE,"{""temp"": ""27.08"", ""humid"": ""42"", ""light"": ""239""}",1839383,2022-04-01 01:44:58 UTC,,,
11769,0EZVE0FX80WXQR40VRPZMCKZB5,"{""temp"": ""27.05"", ""humid"": ""42"", ""light"": ""280""}",1839383,2022-04-01 01:46:39 UTC,,,
11770,0EZVE0JC28Y75XH6ZX1V999FZX,"{""temp"": ""27.04"", ""humid"": ""42"", ""light"": ""140""}",1839383,2022-04-01 01:46:47 UTC,,,
11771,0EZVE0KXQXCD23W3Z69PSCKY76,"{""temp"": ""27.04"", ""humid"": ""42"", ""light"": ""276""}",1839383,2022-04-01 01:46:52 UTC,,,
11772,0EZVE0P6AT60CWRHT7FJ95230Q,"{""temp"": ""27.04"", ""humid"": ""42"", ""light"": ""192""}",1839383,2022-04-01 01:46:59 UTC,,,
11773,0EZVE0R905KSBRPDFCV0NVNQCW,"{""temp"": ""27.04"", ""humid"": ""42"", ""light"": ""162""}",1839383,2022-04-01 01:47:06 UTC,,,
11774,0EZVE0TDQ3EEC3XQBKPXB6P486,"{""temp"": ""27.03"", ""humid"": ""42"", ""light"": ""140""}",1839383,2022-04-01 01:47:13 UTC,,,
11775,0EZVE0WK17471H4QD1NFSKT3V8,"{""temp"": ""27.03"", ""humid"": ""42"", ""light"": ""142""}",1839383,2022-04-01 01:47:20 UTC,,,
11776,0EZVE0YRDQVRXJ3CXJTZ36B2R2,"{""temp"": ""27.03"", ""humid"": ""42"", ""light"": ""144""}",1839383,2022-04-01 01:47:27 UTC,,,
11777,0EZVE6K10W8M2DNAQE1S3Z0FTS,"{""temp"": ""27.09"", ""humid"": ""42"", ""light"": ""381""}",1839383,2022-04-01 01:57:18 UTC,,,
11778,0EZVE6N3XFYRHN9PQDDYHZV3XB,"{""temp"": ""27.09"", ""humid"": ""41"", ""light"": ""313""}",1839383,2022-04-01 01:57:25 UTC,,,
11779,0EZVE6Q9X6G7GT8282JN2WYP3H,"{""temp"": ""27.09"", ""humid"": ""41"", ""light"": ""313""}",1839383,2022-04-01 01:57:32 UTC,,,
11780,0EZVE6SF6DYNFRFYF2MXPM2VZT,"{""temp"": ""27.08"", ""humid"": ""41"", ""light"": ""395""}",1839383,2022-04-01 01:57:39 UTC,,,
11781,0EZVE6VMKKJVV2N2M8M39QBMJ5,"{""temp"": ""27.08"", ""humid"": ""41"", ""light"": ""428""}",1839383,2022-04-01 01:57:46 UTC,,,
11782,0EZVE6XSXCT7N626PQN6MP0SNM,"{""temp"": ""27.08"", ""humid"": ""41"", ""light"": ""390""}",1839383,2022-04-01 01:57:53 UTC,,,
11783,0EZVE6ZZ8803A9S1K9FEG95BPV,"{""temp"": ""27.08"", ""humid"": ""41"", ""light"": ""380""}",1839383,2022-04-01 01:58:00 UTC,,,
11784,0EZVE724HYM1Z2PBHDE70DSTVY,"{""temp"": ""27.08"", ""humid"": ""41"", ""light"": ""425""}",1839383,2022-04-01 01:58:07 UTC,,,
11785,0EZVE749VYPH5MZBEEBHW0QWF0,"{""temp"": ""27.07"", ""humid"": ""41"", ""light"": ""391""}",1839383,2022-04-01 01:58:15 UTC,,,
11786,0EZVE76FTBB6F95G8BHZ9MXDVC,"{""temp"": ""27.07"", ""humid"": ""41"", ""light"": ""397""}",1839383,2022-04-01 01:58:22 UTC,,,
11787,0EZVE78N3ZPPS9XXW0M1MF2MBR,"{""temp"": ""27.07"", ""humid"": ""41"", ""light"": ""379""}",1839383,2022-04-01 01:58:29 UTC,,,
11788,0EZVE7ATDZ74ZAB88XDQHJQXA8,"{""temp"": ""27.07"", ""humid"": ""41"", ""light"": ""428""}",1839383,2022-04-01 01:58:36 UTC,,,
11789,0EZVE7CZST7Z20KWM7WNFF2NJD,"{""temp"": ""27.07"", ""humid"": ""41"", ""light"": ""391""}",1839383,2022-04-01 01:58:43 UTC,,,
11790,0EZVE7F5Q11FX21FPX3ADV3HR5,"{""temp"": ""27.07"", ""humid"": ""41"", ""light"": ""395""}",1839383,2022-04-01 01:58:50 UTC,,,
11791,0EZVE7HB125T4Q82NJXQ3WCF3Q,"{""temp"": ""27.07"", ""humid"": ""41"", ""light"": ""379""}",1839383,2022-04-01 01:58:57 UTC,,,
11792,0EZVE7KGG4459A98FBWRWRAG7Q,"{""temp"": ""27.07"", ""humid"": ""41"", ""light"": ""425""}",1839383,2022-04-01 01:59:04 UTC,,,
11793,0EZVE7NNNMCQJWVZT9DDHHPE06,"{""temp"": ""27.07"", ""humid"": ""41"", ""light"": ""396""}",1839383,2022-04-01 01:59:11 UTC,,,
11794,0EZVE7VMVACW87RTAX1HRX8F4D,"{""temp"": ""27.07"", ""humid"": ""41"", ""light"": ""308""}",1839383,2022-04-01 01:59:31 UTC,,,
11795,0EZVE800225DKVSWBX9CB09C2V,"{""temp"": ""27.06"", ""humid"": ""41"", ""light"": ""308""}",1839383,2022-04-01 01:59:45 UTC,,,
11796,0EZVE825CYNCVASEABSK5WGH1X,"{""temp"": ""27.06"", ""humid"": ""41"", ""light"": ""381""}",1839383,2022-04-01 01:59:52 UTC,,,
11797,0EZVE84BCNQ3X42Y6K2QSAQGFC,"{""temp"": ""27.07"", ""humid"": ""43"", ""light"": ""337""}",1839383,2022-04-01 02:00:00 UTC,,,
11798,0EZVE86GPC88AK0DDVVYE9Y5YA,"{""temp"": ""27.08"", ""humid"": ""45"", ""light"": ""391""}",1839383,2022-04-01 02:00:07 UTC,,,
11799,0EZVE88P06B771RWRBC5YGWP5D,"{""temp"": ""28"", ""humid"": ""45"", ""light"": ""394""}",1839383,2022-04-01 02:00:14 UTC,,,
11800,0EZVE8AV7NC8N0M4VZ5JP0ZXZ5,"{""temp"": ""28.02"", ""humid"": ""45"", ""light"": ""394""}",1839383,2022-04-01 02:00:21 UTC,,,
11801,0EZVE8D1F9X9CP0TEMK166WACW,"{""temp"": ""28.04"", ""humid"": ""44"", ""light"": ""391""}",1839383,2022-04-01 02:00:28 UTC,,,
11802,0EZVE8F6GMK3A53QTBA6ZWBZ22,"{""temp"": ""28.05"", ""humid"": ""43"", ""light"": ""337""}",1839383,2022-04-01 02:00:35 UTC,,,
11803,0EZVE8HBTVJFGCD1G2YBER8MMC,"{""temp"": ""28.06"", ""humid"": ""42"", ""light"": ""396""}",1839383,2022-04-01 02:00:42 UTC,,,
11804,0EZVE8KMKR6PYY2FE3F48E8SG0,"{""temp"": ""28.06"", ""humid"": ""41"", ""light"": ""399""}",1839383,2022-04-01 02:00:50 UTC,,,
11805,0EZVE8NQ4005XHHXJNWZVKXTFS,"{""temp"": ""28.05"", ""humid"": ""41"", ""light"": ""395""}",1839383,2022-04-01 02:00:56 UTC,,,
11806,0EZVE8QWEJTWRHXM90B1RXYXV1,"{""temp"": ""28.05"", ""humid"": ""40"", ""light"": ""337""}",1839383,2022-04-01 02:01:04 UTC,,,
11807,0EZVE8T1RWBJ7JCABKNCKCJBGZ,"{""temp"": ""28.04"", ""humid"": ""40"", ""light"": ""396""}",1839383,2022-04-01 02:01:11 UTC,,,
11808,0EZVE8W7Q1GMP4S7K5EW1HRXXM,"{""temp"": ""28.04"", ""humid"": ""40"", ""light"": ""396""}",1839383,2022-04-01 02:01:18 UTC,,,
11809,0EZVE8YD1YA0BE6RAEG11WM7PT,"{""temp"": ""28.03"", ""humid"": ""40"", ""light"": ""393""}",1839383,2022-04-01 02:01:25 UTC,,,
11810,0EZVE90SFF4K33WE6G9HDMP26T,"{""temp"": ""28.03"", ""humid"": ""40"", ""light"": ""337""}",1839383,2022-04-01 02:01:33 UTC,,,
11811,0EZVE92RB04W1VFG2X70RDRP2A,"{""temp"": ""28.02"", ""humid"": ""40"", ""light"": ""337""}",1839383,2022-04-01 02:01:39 UTC,,,
11812,0EZVE94XT8MT8WBMSP3SZTG3D3,"{""temp"": ""28.02"", ""humid"": ""40"", ""light"": ""400""}",1839383,2022-04-01 02:01:46 UTC,,,
11813,0EZVE9731N7JAZKMK0HR9TT26Q,"{""temp"": ""28.01"", ""humid"": ""40"", ""light"": ""393""}",1839383,2022-04-01 02:01:53 UTC,,,
11814,0EZVE999D8Y1TJC32QHBJD3QV7,"{""temp"": ""28.01"", ""humid"": ""40"", ""light"": ""338""}",1839383,2022-04-01 02:02:01 UTC,,,
11815,0EZVE9BGBPE7KZV62JTZFFSSW1,"{""temp"": ""28.01"", ""humid"": ""40"", ""light"": ""338""}",1839383,2022-04-01 02:02:08 UTC,,,
11816,0EZVE9E13E0EWARFJTVKJP006S,"{""temp"": ""28"", ""humid"": ""40"", ""light"": ""396""}",1839383,2022-04-01 02:02:16 UTC,,,
11817,0EZVE9FVFASXQZ9CXBTDT6N570,"{""temp"": ""28"", ""humid"": ""40"", ""light"": ""399""}",1839383,2022-04-01 02:02:22 UTC,,,
11818,0EZVE9HYP2DBPWJD93D9VZYJDR,"{""temp"": ""27.09"", ""humid"": ""40"", ""light"": ""337""}",1839383,2022-04-01 02:02:29 UTC,,,
11819,0EZVE9M6HMG1H6467Z1FP07V20,"{""temp"": ""27.09"", ""humid"": ""40"", ""light"": ""398""}",1839383,2022-04-01 02:02:36 UTC,,,
11820,0EZVE9P9SFPXBN5SKY23YPCB9Q,"{""temp"": ""27.09"", ""humid"": ""40"", ""light"": ""398""}",1839383,2022-04-01 02:02:43 UTC,,,
11821,0EZVE9RH8R3NPDJ81FZQCMYWWD,"{""temp"": ""27.09"", ""humid"": ""40"", ""light"": ""396""}",1839383,2022-04-01 02:02:51 UTC,,,
11822,0EZVECDRF4QFDBMTRFDMY96QT9,"{""temp"": ""27.07"", ""humid"": ""40"", ""light"": ""322""}",1839383,2022-04-01 02:07:30 UTC,,,
11823,0EZVECFY2XJ9TYMRQ59JWD0F2R,"{""temp"": ""27.07"", ""humid"": ""40"", ""light"": ""198""}",1839383,2022-04-01 02:07:37 UTC,,,
11824,0EZVECJ3FKYD645JDTFZ207F00,"{""temp"": ""27.07"", ""humid"": ""40"", ""light"": ""177""}",1839383,2022-04-01 02:07:44 UTC,,,
11825,0EZVECM9X39S64XDYJ0DYAFENB,"{""temp"": ""27.07"", ""humid"": ""40"", ""light"": ""245""}",1839383,2022-04-01 02:07:51 UTC,,,
11826,0EZVECPDQBFY6NP5GM140ACQT1,"{""temp"": ""27.07"", ""humid"": ""40"", ""light"": ""324""}",1839383,2022-04-01 02:07:58 UTC,,,
11827,0EZVEFGBQPK1D0Y4CHWSWDG8AH,"{""temp"": ""27.07"", ""humid"": ""41"", ""light"": ""141""}",1839383,2022-04-01 02:12:53 UTC,,,
11828,0EZVEFHWHRPV07PM3BSS3C7T80,"{""temp"": ""27.08"", ""humid"": ""41"", ""light"": ""351""}",1839383,2022-04-01 02:12:58 UTC,,,
11829,0EZVEFMYQWCH867DWGV2GABDV6,"{""temp"": ""27.08"", ""humid"": ""40"", ""light"": ""178""}",1839383,2022-04-01 02:13:08 UTC,,,
11830,0EZVES68K9R33V80QC9RVBSMSN,"{""temp"": ""28.01"", ""humid"": ""43"", ""light"": ""386""}",1839383,2022-04-01 02:29:48 UTC,,,
11831,0EZVES7SG8WSWVWQ3Z7J8V5S4M,"{""temp"": ""28.01"", ""humid"": ""42"", ""light"": ""315""}",1839383,2022-04-01 02:29:53 UTC,,,
11832,0EZVESAVE6SYTVE0XNSCFCE353,"{""temp"": ""28"", ""humid"": ""41"", ""light"": ""315""}",1839383,2022-04-01 02:30:03 UTC,,,
11833,0EZVEX8129YPRAYQTV1NBWH1SV,"{""temp"": ""27.02"", ""humid"": ""41"", ""light"": ""780""}",1839383,2022-04-01 02:36:54 UTC,,,
11834,0EZVEXA536TZPPAX14887KEDFM,"{""temp"": ""27.02"", ""humid"": ""41"", ""light"": ""777""}",1839383,2022-04-01 02:37:01 UTC,,,
11835,0EZVEXCBENSDTDB9NMZ666MW04,"{""temp"": ""27.02"", ""humid"": ""41"", ""light"": ""769""}",1839383,2022-04-01 02:37:08 UTC,,,
11836,0EZVEXEZTBJ6H7TAEAD4HTGZQH,"{""temp"": ""27.02"", ""humid"": ""40"", ""light"": ""800""}",1839383,2022-04-01 02:37:16 UTC,,,
11837,0EZVEXGXMB7K8D7D1KBCS3KAMB,"{""temp"": ""27.02"", ""humid"": ""40"", ""light"": ""803""}",1839383,2022-04-01 02:37:23 UTC,,,
11838,0EZVEXK2MDGP0554QEBPD1HTDJ,"{""temp"": ""27.02"", ""humid"": ""41"", ""light"": ""791""}",1839383,2022-04-01 02:37:30 UTC,,,
11839,0EZVEXN7JG6ZS0EQDQPDSFTYAP,"{""temp"": ""27.02"", ""humid"": ""41"", ""light"": ""941""}",1839383,2022-04-01 02:37:37 UTC,,,
11840,0EZVEXZWRDRC9Z4B5Q6CHP1K06,"{""temp"": ""27.03"", ""humid"": ""41"", ""light"": ""856""}",1839383,2022-04-01 02:38:12 UTC,,,
11841,0EZVEY207N195AQ6KY71GJB36Q,"{""temp"": ""27.03"", ""humid"": ""41"", ""light"": ""851""}",1839383,2022-04-01 02:38:19 UTC,,,
11842,0EZVEY4ESD4EB69EY442NRZMTE,"{""temp"": ""27.03"", ""humid"": ""41"", ""light"": ""854""}",1839383,2022-04-01 02:38:27 UTC,,,
11843,0EZVEY6M5BHSTR7TDS5AAQMG13,"{""temp"": ""27.03"", ""humid"": ""40"", ""light"": ""845""}",1839383,2022-04-01 02:38:34 UTC,,,
11844,0EZVEY8S6FRJNRVDT679MZ4YXH,"{""temp"": ""27.04"", ""humid"": ""40"", ""light"": ""854""}",1839383,2022-04-01 02:38:41 UTC,,,
11845,0EZVEYAY6NSGGBAZPCBPQVQF4Q,"{""temp"": ""27.04"", ""humid"": ""40"", ""light"": ""847""}",1839383,2022-04-01 02:38:48 UTC,,,
11846,0EZVEYD2Z8RT89PGM8RMXDFJ56,"{""temp"": ""27.04"", ""humid"": ""40"", ""light"": ""822""}",1839383,2022-04-01 02:38:55 UTC,,,
11847,0EZVEYFN255PKXSSDFCH27GH69,"{""temp"": ""27.04"", ""humid"": ""40"", ""light"": ""812""}",1839383,2022-04-01 02:39:03 UTC,,,
11848,0EZVEYHXEANPB4P52Y7WPQXSTK,"{""temp"": ""27.04"", ""humid"": ""39"", ""light"": ""815""}",1839383,2022-04-01 02:39:11 UTC,,,
11849,0EZVEYKHQ8GJJEF3TYKMZP8MQP,"{""temp"": ""27.03"", ""humid"": ""39"", ""light"": ""810""}",1839383,2022-04-01 02:39:16 UTC,,,
11850,0EZVEYNPHZ1WCYMHEGTZMMCMGM,"{""temp"": ""27.03"", ""humid"": ""39"", ""light"": ""765""}",1839383,2022-04-01 02:39:23 UTC,,,
11851,0EZVEYQVGTYC0XKFXXYQSBCADF,"{""temp"": ""27.03"", ""humid"": ""39"", ""light"": ""798""}",1839383,2022-04-01 02:39:30 UTC,,,
11852,0EZVEYT0GT594GKNW8W3CZBAGZ,"{""temp"": ""27.03"", ""humid"": ""40"", ""light"": ""768""}",1839383,2022-04-01 02:39:37 UTC,,,
11853,0EZVEYW2RRWDGCEMJVNN4VC366,"{""temp"": ""27.03"", ""humid"": ""40"", ""light"": ""745""}",1839383,2022-04-01 02:39:44 UTC,,,
11854,0EZVEYYHFAYX75YX8AVXP08P10,"{""temp"": ""27.03"", ""humid"": ""40"", ""light"": ""756""}",1839383,2022-04-01 02:39:52 UTC,,,
11855,0EZVEZ0PAYZFBAQ459ATWY4WFR,"{""temp"": ""27.03"", ""humid"": ""40"", ""light"": ""748""}",1839383,2022-04-01 02:39:59 UTC,,,
11856,0EZVEZE38PPQPY672K90EEHRVE,"{""temp"": ""27.03"", ""humid"": ""48"", ""light"": ""768""}",1839383,2022-04-01 02:40:43 UTC,,,
11857,0EZVEZG8AC29QCP3BCT3EPJAHY,"{""temp"": ""27.02"", ""humid"": ""47"", ""light"": ""738""}",1839383,2022-04-01 02:40:50 UTC,,,
11858,0EZVEZJD3EKYR90BHBWVENYDCF,"{""temp"": ""27.02"", ""humid"": ""45"", ""light"": ""745""}",1839383,2022-04-01 02:40:57 UTC,,,
11859,0EZVEZMHYDDXQSAWRX3360KM1T,"{""temp"": ""27.01"", ""humid"": ""44"", ""light"": ""741""}",1839383,2022-04-01 02:41:04 UTC,,,
11860,0EZVEZPPWXJ6RXJEXYW92CHY2Q,"{""temp"": ""27.01"", ""humid"": ""43"", ""light"": ""902""}",1839383,2022-04-01 02:41:11 UTC,,,
11861,0EZVEZRVQQH1SCA9ZMHG0EGQCD,"{""temp"": ""27"", ""humid"": ""42"", ""light"": ""907""}",1839383,2022-04-01 02:41:19 UTC,,,
11862,0EZVEZV0RTMZ7TA38APMNT7706,"{""temp"": ""27"", ""humid"": ""42"", ""light"": ""909""}",1839383,2022-04-01 02:41:26 UTC,,,
11863,0EZVEZX5HR4YGD73F13JAR9E12,"{""temp"": ""26.09"", ""humid"": ""41"", ""light"": ""910""}",1839383,2022-04-01 02:41:33 UTC,,,
11864,0EZVEZZAVB9Y8A4VGW6H0WB8RW,"{""temp"": ""26.09"", ""humid"": ""41"", ""light"": ""900""}",1839383,2022-04-01 02:41:40 UTC,,,
11865,0EZVF01FG9D6FCSFEWMAAEMFCS,"{""temp"": ""26.09"", ""humid"": ""41"", ""light"": ""915""}",1839383,2022-04-01 02:41:47 UTC,,,
11866,0EZVF03MHD443512H5FND71HFF,"{""temp"": ""26.09"", ""humid"": ""41"", ""light"": ""919""}",1839383,2022-04-01 02:41:54 UTC,,,
11867,0EZVF0A7ABA789VN2AHAE5BV52,"{""temp"": ""26.08"", ""humid"": ""41"", ""light"": ""770""}",1839383,2022-04-01 02:42:15 UTC,,,
11868,0EZVF0CBTABAEDSS9402147ZHW,"{""temp"": ""26.08"", ""humid"": ""41"", ""light"": ""470""}",1839383,2022-04-01 02:42:22 UTC,,,
11869,0EZVF0EGNN4150VMSS7XVDVRGX,"{""temp"": ""26.08"", ""humid"": ""40"", ""light"": ""847""}",1839383,2022-04-01 02:42:29 UTC,,,
11870,0EZX9ZQRF4NAAS7GA03R85HRRR,"{""temp"": ""49"", ""humid"": ""50"", ""light"": ""51""}",1839383,2022-04-03 09:40:46 UTC,,,
11871,0EZXE3DXKS3NJTVRF7PMX21QQE,"{""temp"": ""49"", ""humid"": ""50"", ""light"": ""51""}",1839383,2022-04-03 13:30:55 UTC,,,
11872,0EZXE5RWMDP1H42KC52DKEM0NT,"{""temp"": ""49"", ""humid"": ""50"", ""light"": ""61""}",1839383,2022-04-03 13:35:01 UTC,,,
11873,0EZXEAD6Q9W9RBF5ZZWDDGR9SA,"{""temp"": ""49"", ""humid"": ""50"", ""light"": ""51""}",1839383,2022-04-03 13:43:07 UTC,,,
11874,0EZXEASR4W6P2EKRG80WHP061D,"{""temp"": ""49"", ""humid"": ""50"", ""light"": ""51""}",1839383,2022-04-03 13:43:48 UTC,,,
11875,0EZY0D0QY6DGVEDBSX7SH6XVF0,"{""light"": ""434"", ""temp"": ""24.04"", ""humid"": ""51""}",1839383,2022-04-04 06:34:18 UTC,,,
11876,0EZY0D4DS44D9WARXFKR16BGQJ,"{""light"": ""430"", ""temp"": ""24.04"", ""humid"": ""50""}",1839383,2022-04-04 06:34:30 UTC,,,
11877,0EZY0DSWY81PKDV6YKDCX737AV,"{""temp"": ""24.04"", ""humid"": ""50"", ""light"": ""401""}",1839383,2022-04-04 06:35:41 UTC,,,
11878,0EZY0DXJYP1QB8N4FHJDHKB9B5,"{""temp"": ""24.04"", ""humid"": ""50"", ""light"": ""398""}",1839383,2022-04-04 06:35:53 UTC,,,
11879,0EZY0NMAZQDTSMJ949RKW67XAX,"{""temp"": ""24.05"", ""humid"": ""49"", ""light"": ""479""}",1839383,2022-04-04 06:49:21 UTC,,,
11880,0EZY0NPFGSNJN52BHX0SZ6CVJB,"{""temp"": ""24.05"", ""humid"": ""49"", ""light"": ""439""}",1839383,2022-04-04 06:49:28 UTC,,,
11881,0EZY0NRMAT38Z33CRBKKN8SDHZ,"{""temp"": ""24.06"", ""humid"": ""49"", ""light"": ""914""}",1839383,2022-04-04 06:49:36 UTC,,,
11882,0EZY0NTRWM1KRZ2BAEHP4R39KG,"{""temp"": ""24.06"", ""humid"": ""50"", ""light"": ""744""}",1839383,2022-04-04 06:49:43 UTC,,,
11883,0EZY0NWXTN4DWW1ZSZYK29BMAW,"{""temp"": ""24.06"", ""humid"": ""57"", ""light"": ""733""}",1839383,2022-04-04 06:49:50 UTC,,,
11884,0EZY0NZ2BBC3CFWE5B5QKEM8W3,"{""temp"": ""25"", ""humid"": ""90"", ""light"": ""749""}",1839383,2022-04-04 06:49:57 UTC,,,
11885,0EZY0P16YJ9M3TD7VPYHKA64N8,"{""temp"": ""26.02"", ""humid"": ""95"", ""light"": ""742""}",1839383,2022-04-04 06:50:04 UTC,,,
11886,0EZY0P3BXRF3GFFBZPS5H8MQ8A,"{""temp"": ""27.03"", ""humid"": ""79"", ""light"": ""700""}",1839383,2022-04-04 06:50:11 UTC,,,
11887,0EZY0P5GRWNP8VQ6ED174CCS55,"{""temp"": ""27.09"", ""humid"": ""54"", ""light"": ""715""}",1839383,2022-04-04 06:50:18 UTC,,,
11888,0EZY0P7NJVBBGCVKTG244W3A5M,"{""temp"": ""28.02"", ""humid"": ""47"", ""light"": ""697""}",1839383,2022-04-04 06:50:25 UTC,,,
11889,0EZY0P9TBH4Q4R79798KV7WWYK,"{""temp"": ""28.05"", ""humid"": ""44"", ""light"": ""737""}",1839383,2022-04-04 06:50:32 UTC,,,
11890,0EZY0PBZ72VK6BT95S3PYMNWT8,"{""temp"": ""28.06"", ""humid"": ""43"", ""light"": ""711""}",1839383,2022-04-04 06:50:39 UTC,,,
11891,0EZY0PE4927WF2GX2WE8TAKKF7,"{""temp"": ""28.05"", ""humid"": ""43"", ""light"": ""725""}",1839383,2022-04-04 06:50:46 UTC,,,
11892,0EZY0PGJZG510SNF1CMZNDFW63,"{""temp"": ""28.02"", ""humid"": ""42"", ""light"": ""725""}",1839383,2022-04-04 06:50:54 UTC,,,
11893,0EZY0PJQJJ05JBG8VQ53PEPERS,"{""temp"": ""28.02"", ""humid"": ""43"", ""light"": ""726""}",1839383,2022-04-04 06:51:01 UTC,,,
11894,0EZY0PMWB6GCTYEQM1ZCYYFPQ0,"{""temp"": ""28"", ""humid"": ""43"", ""light"": ""741""}",1839383,2022-04-04 06:51:08 UTC,,,
11895,0EZY0PQ16FZR2ZTJBFMYM3HEFY,"{""temp"": ""27.08"", ""humid"": ""42"", ""light"": ""742""}",1839383,2022-04-04 06:51:15 UTC,,,
11896,0EZY0PS5Y9XN8XEEHQ10090DXS,"{""temp"": ""27.08"", ""humid"": ""42"", ""light"": ""702""}",1839383,2022-04-04 06:51:22 UTC,,,
11897,0EZY0PVAKQ0R260K5A6XQC5GBX,"{""temp"": ""27.06"", ""humid"": ""42"", ""light"": ""703""}",1839383,2022-04-04 06:51:29 UTC,,,
11898,0EZY0PXFBGT7XC1XYR3GF73C6R,"{""temp"": ""27.05"", ""humid"": ""42"", ""light"": ""741""}",1839383,2022-04-04 06:51:36 UTC,,,
11899,0EZY0Q6G959KHXCZZYRD0VHT15,"{""temp"": ""27"", ""humid"": ""44"", ""light"": ""742""}",1839383,2022-04-04 06:52:06 UTC,,,
11900,0EZY0Q8BEQR5D7TQBE9NS6EEAS,"{""temp"": ""26.09"", ""humid"": ""44"", ""light"": ""740""}",1839383,2022-04-04 06:52:12 UTC,,,
11901,0EZY0QB36PEK719A7WVCM5YXNF,"{""temp"": ""26.08"", ""humid"": ""44"", ""light"": ""700""}",1839383,2022-04-04 06:52:21 UTC,,,
11902,0EZY0QCXXMWKJF659ZQ0X5P87G,"{""temp"": ""26.07"", ""humid"": ""45"", ""light"": ""707""}",1839383,2022-04-04 06:52:27 UTC,,,
11903,0EZY0QERTDM2XNAZT13X64FH3Y,"{""temp"": ""26.05"", ""humid"": ""45"", ""light"": ""717""}",1839383,2022-04-04 06:52:33 UTC,,,
11904,0EZY0R8Q8E501WG2D757ZW1GXB,"{""temp"": ""25.05"", ""humid"": ""46"", ""light"": ""737""}",1839383,2022-04-04 06:53:58 UTC,,,
11905,0EZY0RBFKPCS6XQ5AKTX78PY9W,"{""temp"": ""25.05"", ""humid"": ""46"", ""light"": ""734""}",1839383,2022-04-04 06:54:07 UTC,,,
11906,0EZY0RDA15QVCEA13H22JS08KN,"{""temp"": ""25.04"", ""humid"": ""46"", ""light"": ""734""}",1839383,2022-04-04 06:54:13 UTC,,,
11907,0EZY0RF4RKRK0ZEKFC9ZKZFJSS,"{""temp"": ""25.05"", ""humid"": ""46"", ""light"": ""734""}",1839383,2022-04-04 06:54:19 UTC,,,
11908,0EZY0RHX1RHWN42FMGA4SKXD29,"{""temp"": ""25.03"", ""humid"": ""46"", ""light"": ""694""}",1839383,2022-04-04 06:54:28 UTC,,,
11909,0EZY0RKQNTN8QRSYYQSEPWEZBF,"{""temp"": ""25.03"", ""humid"": ""47"", ""light"": ""731""}",1839383,2022-04-04 06:54:34 UTC,,,
11910,0EZY0RNJHJT47HPP5N8EQGQV36,"{""temp"": ""25.02"", ""humid"": ""47"", ""light"": ""731""}",1839383,2022-04-04 06:54:40 UTC,,,
11911,0EZY0RRAKDMGW1T5SWFDXVQR43,"{""temp"": ""25.02"", ""humid"": ""47"", ""light"": ""691""}",1839383,2022-04-04 06:54:49 UTC,,,
11912,0EZY0RT5C0P0SWTARKBDNRNCA1,"{""temp"": ""25.02"", ""humid"": ""47"", ""light"": ""706""}",1839383,2022-04-04 06:54:55 UTC,,,
11913,0EZY0RWXMJ11659YY3TY99NB3J,"{""temp"": ""25.01"", ""humid"": ""47"", ""light"": ""734""}",1839383,2022-04-04 06:55:04 UTC,,,
11914,0EZY0RYR6SGJT83WF9RWDVPH7S,"{""temp"": ""25.01"", ""humid"": ""47"", ""light"": ""730""}",1839383,2022-04-04 06:55:10 UTC,,,
11915,0EZY0S0K0Z3FTR0ZNYVFBZKYRJ,"{""temp"": ""25"", ""humid"": ""47"", ""light"": ""698""}",1839383,2022-04-04 06:55:16 UTC,,,
11916,0EZY0S3B6BQF2JX5VNKYFFH369,"{""temp"": ""25"", ""humid"": ""47"", ""light"": ""716""}",1839383,2022-04-04 06:55:25 UTC,,,
11917,0EZY0X316CK8F13BQAYQJ4EQTZ,"{""temp"": ""24.04"", ""humid"": ""55"", ""light"": ""693""}",1839383,2022-04-04 07:02:24 UTC,,,
11918,0EZY0X3YG4ADSGVGX71PR5BHV9,"{""temp"": ""24.04"", ""humid"": ""55"", ""light"": ""740""}",1839383,2022-04-04 07:02:27 UTC,,,
11919,0EZY0X4W2YVAT3P9F6WEAMBSNN,"{""temp"": ""24.05"", ""humid"": ""55"", ""light"": ""698""}",1839383,2022-04-04 07:02:30 UTC,,,
11920,0EZY0X5SJN7Z5KP851S59K92AR,"{""temp"": ""24.04"", ""humid"": ""55"", ""light"": ""738""}",1839383,2022-04-04 07:02:33 UTC,,,
11921,0EZY0X6Q6TVBYFAPRACKHYWGS5,"{""temp"": ""24.04"", ""humid"": ""55"", ""light"": ""692""}",1839383,2022-04-04 07:02:36 UTC,,,
11922,0EZY0X7MM6SBR98STB6JYHXDBB,"{""temp"": ""24.04"", ""humid"": ""56"", ""light"": ""737""}",1839383,2022-04-04 07:02:39 UTC,,,
11923,0EZY0X8J3Q2Q6QJNRH2W12K7KE,"{""temp"": ""24.04"", ""humid"": ""56"", ""light"": ""726""}",1839383,2022-04-04 07:02:42 UTC,,,
11924,0EZY0X9FMRVQKWR9ST7WHCDW1B,"{""temp"": ""24.04"", ""humid"": ""56"", ""light"": ""678""}",1839383,2022-04-04 07:02:45 UTC,,,
11925,0EZY0XAD38AKHSMRZNMZ2M7DYZ,"{""temp"": ""24.05"", ""humid"": ""56"", ""light"": ""722""}",1839383,2022-04-04 07:02:48 UTC,,,
11926,0EZY0XBAJQ82PZGEWCJAPMW7X8,"{""temp"": ""24.04"", ""humid"": ""56"", ""light"": ""732""}",1839383,2022-04-04 07:02:51 UTC,,,
11927,0EZY0XC85X07M8AQ3609EE4JPP,"{""temp"": ""24.04"", ""humid"": ""56"", ""light"": ""704""}",1839383,2022-04-04 07:02:54 UTC,,,
11928,0EZY0XTJ97TSB72FY9RNPZZ0ZR,"{""temp"": ""24.05"", ""humid"": ""55"", ""light"": ""713""}",1839383,2022-04-04 07:03:41 UTC,,,
11929,0EZY0XVFNEG5K5NSNPZYYBK551,"{""temp"": ""24.05"", ""humid"": ""55"", ""light"": ""685""}",1839383,2022-04-04 07:03:44 UTC,,,
11930,0EZY0XWD7MR9WCKG5PAVRHD0T9,"{""temp"": ""24.05"", ""humid"": ""56"", ""light"": ""722""}",1839383,2022-04-04 07:03:47 UTC,,,
11931,0EZY0XXAKFNQS0Z1W7VM8ED0E2,"{""temp"": ""24.05"", ""humid"": ""55"", ""light"": ""708""}",1839383,2022-04-04 07:03:50 UTC,,,
11932,0EZY0YVTQAX4C0TBG4ATFKKEKV,"{""temp"": ""24.02"", ""humid"": ""56"", ""light"": ""637""}",1839383,2022-04-04 07:05:30 UTC,,,
11933,0EZY0YWQZ01QHMJPKDT4BYEC02,"{""temp"": ""24.02"", ""humid"": ""56"", ""light"": ""667""}",1839383,2022-04-04 07:05:33 UTC,,,
11934,0EZY0YXND4Y8PCFCEEH304RFZ5,"{""temp"": ""24.02"", ""humid"": ""56"", ""light"": ""678""}",1839383,2022-04-04 07:05:36 UTC,,,
11935,0EZY0YYJQQ6C2E7ZXCH1N2R0G7,"{""temp"": ""24.02"", ""humid"": ""56"", ""light"": ""666""}",1839383,2022-04-04 07:05:39 UTC,,,
11936,0EZY0YZG71QVWE0RSKSMNZFMW3,"{""temp"": ""24.02"", ""humid"": ""56"", ""light"": ""659""}",1839383,2022-04-04 07:05:42 UTC,,,
11937,0EZY0Z0DTDNX8WYTMX6YPRGHVV,"{""temp"": ""24.02"", ""humid"": ""56"", ""light"": ""688""}",1839383,2022-04-04 07:05:45 UTC,,,
11938,0EZY0Z1BAA7CZZCGR8Y27NTF7E,"{""temp"": ""24.02"", ""humid"": ""57"", ""light"": ""678""}",1839383,2022-04-04 07:05:48 UTC,,,
11939,0EZY0Z28YTGCTD59B15ZN5FMGT,"{""temp"": ""24.02"", ""humid"": ""56"", ""light"": ""644""}",1839383,2022-04-04 07:05:51 UTC,,,
11940,0EZY0Z36FM4KQJZ6XF6DFHXSV9,"{""temp"": ""24.02"", ""humid"": ""57"", ""light"": ""664""}",1839383,2022-04-04 07:05:54 UTC,,,
11941,0EZY0Z441XD0ETKB4QHE1PXNVW,"{""temp"": ""24.01"", ""humid"": ""57"", ""light"": ""681""}",1839383,2022-04-04 07:05:57 UTC,,,
11942,0EZY0Z51B1Q3ZYXB1ZSAJWZ2RS,"{""temp"": ""24.02"", ""humid"": ""57"", ""light"": ""645""}",1839383,2022-04-04 07:06:00 UTC,,,
11943,0EZY0Z5YYZCTGJFQWCZNBB7MBR,"{""temp"": ""24.02"", ""humid"": ""57"", ""light"": ""674""}",1839383,2022-04-04 07:06:03 UTC,,,
11944,0EZY0Z6WK4JZQYNBBWXDX19J5V,"{""temp"": ""24.02"", ""humid"": ""57"", ""light"": ""677""}",1839383,2022-04-04 07:06:06 UTC,,,
11945,0EZY0Z83XZNJ91X9TQ21XSCK6E,"{""temp"": ""24.02"", ""humid"": ""57"", ""light"": ""665""}",1839383,2022-04-04 07:06:10 UTC,,,
11946,0EZY0Z91DJZGCBHGGTYMYH5VMH,"{""temp"": ""24.01"", ""humid"": ""57"", ""light"": ""677""}",1839383,2022-04-04 07:06:13 UTC,,,
11947,0EZY0Z9Z143J66X1FBBN1HM4NY,"{""temp"": ""24.02"", ""humid"": ""57"", ""light"": ""670""}",1839383,2022-04-04 07:06:16 UTC,,,
11948,0EZY0ZAWPSPW8VKSJFWHKEPB7C,"{""temp"": ""24.01"", ""humid"": ""57"", ""light"": ""678""}",1839383,2022-04-04 07:06:19 UTC,,,
11949,0EZY0ZBT8WJ13EGN0JE92F1T57,"{""temp"": ""24.01"", ""humid"": ""57"", ""light"": ""668""}",1839383,2022-04-04 07:06:22 UTC,,,
11950,0EZY1QARFS3F3B773FQC0F1Y5Q,"{""light"": ""634"", ""temp"": ""25.04"", ""humid"": ""46""}",1839383,2022-04-04 07:48:15 UTC,,,
11951,0EZY1QEEE08EMEJJ9N3F1F1ARE,"{""light"": ""636"", ""temp"": ""25.04"", ""humid"": ""45""}",1839383,2022-04-04 07:48:27 UTC,,,
11952,0EZY1QJ3G65H6SGPVJ3987CWF4,"{""light"": ""611"", ""temp"": ""25.04"", ""humid"": ""45""}",1839383,2022-04-04 07:48:39 UTC,,,
11953,0EZY1QNS4G2MX08VFAZCMDC0E6,"{""light"": ""596"", ""temp"": ""25.04"", ""humid"": ""46""}",1839383,2022-04-04 07:48:51 UTC,,,
11954,0EZY1QSEJQ7MFAW330WZG4Q0TM,"{""light"": ""582"", ""temp"": ""25.03"", ""humid"": ""45""}",1839383,2022-04-04 07:49:03 UTC,,,
11955,0EZY1ST9EXJFA5JVD2PSZ07PJ1,"{""temp"": ""25.04"", ""humid"": ""46"", ""light"": ""412""}",1839383,2022-04-04 07:52:36 UTC,,,
11956,0EZY1SXZC7WA3QCZSD77ETN660,"{""temp"": ""25.05"", ""humid"": ""46"", ""light"": ""423""}",1839383,2022-04-04 07:52:48 UTC,,,
11957,0EZY1T2HZVDMVJ90AH35HMSXT5,"{""temp"": ""25.04"", ""humid"": ""45"", ""light"": ""445""}",1839383,2022-04-04 07:53:03 UTC,,,
11958,0EZY1T67P6JKP4PFTAZXPQNSQ7,"{""temp"": ""25.05"", ""humid"": ""46"", ""light"": ""433""}",1839383,2022-04-04 07:53:15 UTC,,,
11959,0EZY1T9YJDBRXBTSS33D1JFKZH,"{""temp"": ""25.05"", ""humid"": ""45"", ""light"": ""443""}",1839383,2022-04-04 07:53:27 UTC,,,
11960,0EZY1TDJHE8B5TFRMWZ49BV2DB,"{""temp"": ""25.05"", ""humid"": ""45"", ""light"": ""444""}",1839383,2022-04-04 07:53:39 UTC,,,
11961,0EZY1TH84X3XB53YMQB64HERZ6,"{""temp"": ""25.06"", ""humid"": ""45"", ""light"": ""437""}",1839383,2022-04-04 07:53:51 UTC,,,
11962,0EZY1TMXJQP54TWAZTFGMA54BC,"{""temp"": ""25.06"", ""humid"": ""45"", ""light"": ""478""}",1839383,2022-04-04 07:54:03 UTC,,,
11963,0EZY1TRK7JBP50JYVEQ10J894W,"{""temp"": ""25.07"", ""humid"": ""45"", ""light"": ""478""}",1839383,2022-04-04 07:54:15 UTC,,,
11964,0EZY1TW8Y4G25VYX66VB1TN91D,"{""temp"": ""25.06"", ""humid"": ""45"", ""light"": ""498""}",1839383,2022-04-04 07:54:27 UTC,,,
11965,0EZY1TZYCDW901HVV6D874W2B1,"{""temp"": ""25.07"", ""humid"": ""45"", ""light"": ""392""}",1839383,2022-04-04 07:54:39 UTC,,,
11966,0EZY1V3KV517QXPS91RDXWX0N0,"{""temp"": ""25.06"", ""humid"": ""45"", ""light"": ""352""}",1839383,2022-04-04 07:54:51 UTC,,,
11967,0EZY1V796ZZSRNJZT2RAM9K4QX,"{""temp"": ""25.06"", ""humid"": ""45"", ""light"": ""353""}",1839383,2022-04-04 07:55:03 UTC,,,
11968,0EZY1VBW1M8MQRWD6AGGN532CW,"{""temp"": ""25.06"", ""humid"": ""45"", ""light"": ""373""}",1839383,2022-04-04 07:55:18 UTC,,,
11969,0EZY1VFH9S8R1H3016N0MDDKJZ,"{""temp"": ""25.06"", ""humid"": ""50"", ""light"": ""397""}",1839383,2022-04-04 07:55:30 UTC,,,
11970,0EZY1VNYYEJTD9N7C1Z1KGJH5T,"{""temp"": ""25.06"", ""humid"": ""45"", ""light"": ""409""}",1839383,2022-04-04 07:55:51 UTC,,,
11971,0EZY1VSMFHPB5YA7227R6CP3WK,"{""temp"": ""25.06"", ""humid"": ""45"", ""light"": ""420""}",1839383,2022-04-04 07:56:03 UTC,,,
11972,0EZY1VXA3YJ7Q7K6EP4GC2Q4KT,"{""temp"": ""25.06"", ""humid"": ""44"", ""light"": ""429""}",1839383,2022-04-04 07:56:15 UTC,,,
11973,0EZY1W0Z7G0YQ4ARVPXZDN38Z3,"{""temp"": ""25.07"", ""humid"": ""45"", ""light"": ""419""}",1839383,2022-04-04 07:56:27 UTC,,,
11974,0EZY1W4MXF0HMKRCD80ZHNSQYR,"{""temp"": ""25.06"", ""humid"": ""45"", ""light"": ""436""}",1839383,2022-04-04 07:56:40 UTC,,,
11975,0EZY1W8ACJF14H9S4ZKB7H1QMY,"{""temp"": ""25.06"", ""humid"": ""45"", ""light"": ""456""}",1839383,2022-04-04 07:56:52 UTC,,,
11976,0EZY1WC0BNXD1449X0WKMRR800,"{""temp"": ""25.06"", ""humid"": ""45"", ""light"": ""440""}",1839383,2022-04-04 07:57:04 UTC,,,
11977,0EZY1WVP9VKRR69PBHW1P7Q9TC,"{""light"": ""433"", ""temp"": ""25.06"", ""humid"": ""45""}",1839383,2022-04-04 07:57:55 UTC,,,
11978,0EZY1X4VZ86H54E4DGAS8XZVV9,"{""light"": ""443"", ""temp"": ""25.05"", ""humid"": ""45""}",1839383,2022-04-04 07:58:25 UTC,,,
11979,0EZY1X8HHCEA4SG08Z115ZDZDB,"{""light"": ""426"", ""temp"": ""25.05"", ""humid"": ""45""}",1839383,2022-04-04 07:58:37 UTC,,,
11980,0EZY1YXCP23MQFJ0JNKB5JDGT0,"{""temp"": ""25.09"", ""humid"": ""45"", ""light"": ""508""}",1839383,2022-04-04 08:01:30 UTC,,,
11981,0EZY1Z12B53MXWJA5QKJK0S98W,"{""temp"": ""25.08"", ""humid"": ""45"", ""light"": ""513""}",1839383,2022-04-04 08:01:42 UTC,,,
11982,0EZY1Z4QTCSPPE63394M86323J,"{""temp"": ""25.08"", ""humid"": ""44"", ""light"": ""502""}",1839383,2022-04-04 08:01:54 UTC,,,
11983,0EZY1Z8D934CA5W1DQFH2462Q6,"{""temp"": ""25.08"", ""humid"": ""44"", ""light"": ""487""}",1839383,2022-04-04 08:02:06 UTC,,,
11984,0EZY1ZC2T5ETYDGEFDA3JF0TCT,"{""temp"": ""25.08"", ""humid"": ""44"", ""light"": ""453""}",1839383,2022-04-04 08:02:18 UTC,,,
11985,0EZY1ZFS4P2S8EM7EDDGHNGCEB,"{""temp"": ""25.08"", ""humid"": ""44"", ""light"": ""406""}",1839383,2022-04-04 08:02:31 UTC,,,
11986,0EZY1ZKDWYJP57FHS85T1F8BVW,"{""temp"": ""25.08"", ""humid"": ""44"", ""light"": ""498""}",1839383,2022-04-04 08:02:43 UTC,,,
11987,0EZY1ZQ39AQSW8DHAB40VPVNF4,"{""temp"": ""25.07"", ""humid"": ""44"", ""light"": ""389""}",1839383,2022-04-04 08:02:55 UTC,,,
11988,0EZY1ZTRK3RANTYRFSBHYYFNVQ,"{""temp"": ""25.05"", ""humid"": ""50"", ""light"": ""416""}",1839383,2022-04-04 08:03:07 UTC,,,
11989,0EZY1ZYE7STTXDV9F22FGKA4AS,"{""temp"": ""25.05"", ""humid"": ""50"", ""light"": ""393""}",1839383,2022-04-04 08:03:19 UTC,,,
11990,0EZY2023X19NFTMRYMB44R9NDX,"{""temp"": ""25.04"", ""humid"": ""50"", ""light"": ""400""}",1839383,2022-04-04 08:03:31 UTC,,,
11991,0EZY205S6KH14SHRVPSC28WHDN,"{""temp"": ""25.05"", ""humid"": ""50"", ""light"": ""405""}",1839383,2022-04-04 08:03:43 UTC,,,
11992,0EZY209ENZHBVEBK4XGEFAV7BN,"{""temp"": ""25.05"", ""humid"": ""50"", ""light"": ""401""}",1839383,2022-04-04 08:03:55 UTC,,,
11993,0EZY20D3ZRHWGV4GMKCXKXW2WA,"{""temp"": ""25.04"", ""humid"": ""50"", ""light"": ""384""}",1839383,2022-04-04 08:04:07 UTC,,,
11994,0EZY20GSCC7AYQ7AAPYZFFBMPD,"{""temp"": ""25.03"", ""humid"": ""50"", ""light"": ""407""}",1839383,2022-04-04 08:04:19 UTC,,,
11995,0EZY20METQTR6TT0BPYEB3N55N,"{""temp"": ""25.04"", ""humid"": ""50"", ""light"": ""383""}",1839383,2022-04-04 08:04:31 UTC,,,
11996,0EZY20R4C98DTQGQ1MVBQFWDHC,"{""temp"": ""25.03"", ""humid"": ""50"", ""light"": ""374""}",1839383,2022-04-04 08:04:43 UTC,,,
11997,0EZY23CVRBYXNCDN1V521F1Y3W,"{""light"": ""537"", ""temp"": ""25"", ""humid"": ""52""}",1839383,2022-04-04 08:09:20 UTC,,,
11998,0EZY23GGVPX0PQ5DP2S24VBRWZ,"{""light"": ""539"", ""temp"": ""24.09"", ""humid"": ""52""}",1839383,2022-04-04 08:09:32 UTC,,,
11999,0EZY23M6A42FXPMJ6G0JTB0F4H,"{""light"": ""514"", ""temp"": ""24.09"", ""humid"": ""52""}",1839383,2022-04-04 08:09:44 UTC,,,
12000,0EZY23QW2HPZK4EF2X7N97ZFQK,"{""light"": ""538"", ""temp"": ""24.08"", ""humid"": ""52""}",1839383,2022-04-04 08:09:57 UTC,,,
12001,0EZY23VHFWRABDQ6C9E1GT1V08,"{""light"": ""555"", ""temp"": ""24.08"", ""humid"": ""46""}",1839383,2022-04-04 08:10:09 UTC,,,
12002,0EZY23Z6SPDY3KXMGJ62K3056V,"{""light"": ""504"", ""temp"": ""24.08"", ""humid"": ""53""}",1839383,2022-04-04 08:10:21 UTC,,,
12003,0EZY242W9Z365T1CWGG06PN65Q,"{""light"": ""533"", ""temp"": ""24.07"", ""humid"": ""52""}",1839383,2022-04-04 08:10:33 UTC,,,
12004,0EZY246J8ZW7JP892X8MFHAFZK,"{""light"": ""521"", ""temp"": ""24.07"", ""humid"": ""52""}",1839383,2022-04-04 08:10:45 UTC,,,
12005,0EZY24A7CW08XACR41T5GQ7T0V,"{""light"": ""510"", ""temp"": ""24.07"", ""humid"": ""52""}",1839383,2022-04-04 08:10:57 UTC,,,
12006,0EZY24DWXTGHTNXBBBHPG1MRM5,"{""light"": ""479"", ""temp"": ""24.07"", ""humid"": ""52""}",1839383,2022-04-04 08:11:09 UTC,,,
12007,0EZY24HJG4QDFP2805GBS1H2AK,"{""light"": ""516"", ""temp"": ""24.07"", ""humid"": ""52""}",1839383,2022-04-04 08:11:21 UTC,,,
12008,0EZY24N843S50SHSZE4GS9DP4T,"{""light"": ""514"", ""temp"": ""24.05"", ""humid"": ""52""}",1839383,2022-04-04 08:11:33 UTC,,,
12009,0EZY24RXHAEXN1QRAQ2HZJYWQQ,"{""light"": ""507"", ""temp"": ""24.06"", ""humid"": ""52""}",1839383,2022-04-04 08:11:45 UTC,,,
12010,0EZY24WKBKEP9NZQ2FG2F089J3,"{""light"": ""517"", ""temp"": ""24.06"", ""humid"": ""52""}",1839383,2022-04-04 08:11:57 UTC,,,
12011,0EZY2508KSE3YYSS5CY6JEYG01,"{""light"": ""511"", ""temp"": ""24.05"", ""humid"": ""52""}",1839383,2022-04-04 08:12:09 UTC,,,
12012,0EZY253XWR5B5AM5ERV448VEW6,"{""light"": ""527"", ""temp"": ""24.05"", ""humid"": ""52""}",1839383,2022-04-04 08:12:21 UTC,,,
12013,0EZY257KAH75VF7Z2TSMK5T3R6,"{""light"": ""518"", ""temp"": ""24.06"", ""humid"": ""52""}",1839383,2022-04-04 08:12:33 UTC,,,
12014,0EZY25B8TR60KWCGQED6PAVD6Y,"{""light"": ""560"", ""temp"": ""24.05"", ""humid"": ""52""}",1839383,2022-04-04 08:12:45 UTC,,,
12015,0EZY25F3RBGJT3FXDN8Y78019N,"{""light"": ""556"", ""temp"": ""24.06"", ""humid"": ""52""}",1839383,2022-04-04 08:12:58 UTC,,,
12016,0EZY25JKJX8CFMVV7HNBB7FF98,"{""light"": ""436"", ""temp"": ""24.06"", ""humid"": ""53""}",1839383,2022-04-04 08:13:09 UTC,,,
12017,0EZY25P98C21K5R0DGVB38Y7R2,"{""light"": ""515"", ""temp"": ""24.05"", ""humid"": ""52""}",1839383,2022-04-04 08:13:21 UTC,,,
12018,0EZY25SYY81DB0SFDPRRFZ6S3J,"{""light"": ""419"", ""temp"": ""24.05"", ""humid"": ""52""}",1839383,2022-04-04 08:13:33 UTC,,,
12019,0EZY25XM7TMGQB7TJTCB9VXC67,"{""light"": ""471"", ""temp"": ""24.04"", ""humid"": ""52""}",1839383,2022-04-04 08:13:45 UTC,,,
12020,0EZY2627AY1NDPV0EMEN426W0W,"{""light"": ""531"", ""temp"": ""24.05"", ""humid"": ""52""}",1839383,2022-04-04 08:14:00 UTC,,,
12023,0EZY26QFPK2RVR6W9B3MG2P3EP,"{""temp"": ""24.05"", ""humid"": ""53"", ""light"": ""486""}",1839383,2022-04-04 08:15:10 UTC,,,
12024,0EZY26V58747M7WVKHQA333113,"{""temp"": ""24.04"", ""humid"": ""53"", ""light"": ""466""}",1839383,2022-04-04 08:15:22 UTC,,,
12026,0EZY26YTPWNGF85AHQSWJYT8Y3,"{""temp"": ""24.05"", ""humid"": ""53"", ""light"": ""497""}",1839383,2022-04-04 08:15:34 UTC,,,
12027,0EZY272G0PSKB2XTHFRA6TSF6T,"{""temp"": ""24.05"", ""humid"": ""52"", ""light"": ""520""}",1839383,2022-04-04 08:15:46 UTC,,,
12028,0EZY2765J6VWX23H3R3BDF919M,"{""temp"": ""24.05"", ""humid"": ""53"", ""light"": ""471""}",1839383,2022-04-04 08:15:58 UTC,,,
12029,0EZY279VTE08RNKFFME2YGMCGS,"{""temp"": ""24.05"", ""humid"": ""52"", ""light"": ""471""}",1839383,2022-04-04 08:16:10 UTC,,,
12030,0EZY27DGMRPDSV5AF85V9WG1XH,"{""temp"": ""24.05"", ""humid"": ""52"", ""light"": ""475""}",1839383,2022-04-04 08:16:22 UTC,,,
12031,0EZY27H6KK0DQVCZC9K377SGPZ,"{""temp"": ""24.05"", ""humid"": ""52"", ""light"": ""472""}",1839383,2022-04-04 08:16:34 UTC,,,
12032,0EZY27MW0PGHVXJJWVDST2H6YS,"{""temp"": ""24.05"", ""humid"": ""52"", ""light"": ""484""}",1839383,2022-04-04 08:16:46 UTC,,,
12033,0EZY27RH7J4XVYWWSGYDHR3J9H,"{""temp"": ""24.05"", ""humid"": ""52"", ""light"": ""528""}",1839383,2022-04-04 08:16:58 UTC,,,
12034,0EZY27W68QYZYKF69G3G0ADBMX,"{""temp"": ""24.04"", ""humid"": ""52"", ""light"": ""485""}",1839383,2022-04-04 08:17:10 UTC,,,
12036,0EZY27ZVQ4S70Y9ECWRCQYPYG3,"{""temp"": ""24.04"", ""humid"": ""52"", ""light"": ""529""}",1839383,2022-04-04 08:17:22 UTC,,,
12040,0EZY283H9A6ZFZSSEA79DRYHRM,"{""temp"": ""24.04"", ""humid"": ""53"", ""light"": ""503""}",1839383,2022-04-04 08:17:34 UTC,,,
12043,0EZY2876QMB5S2GAXGT0TY5Q9Y,"{""temp"": ""24.04"", ""humid"": ""53"", ""light"": ""519""}",1839383,2022-04-04 08:17:46 UTC,,,
12047,0EZY28AWNGR8HE5KSMM6VM4EM8,"{""temp"": ""24.05"", ""humid"": ""52"", ""light"": ""499""}",1839383,2022-04-04 08:17:58 UTC,,,
12050,0EZY28EHMQ8GQZC1ETYDDGS1XY,"{""temp"": ""24.04"", ""humid"": ""52"", ""light"": ""531""}",1839383,2022-04-04 08:18:10 UTC,,,
12053,0EZY28J74A8EH24FPYJBVTG6WB,"{""temp"": ""24.04"", ""humid"": ""52"", ""light"": ""474""}",1839383,2022-04-04 08:18:22 UTC,,,
12057,0EZY28NWMZCGJSNP1RJDQ5J0VQ,"{""temp"": ""24.04"", ""humid"": ""52"", ""light"": ""520""}",1839383,2022-04-04 08:18:34 UTC,,,
12060,0EZY28SJ03HVM0NTBB0YFY7EAJ,"{""temp"": ""24.04"", ""humid"": ""53"", ""light"": ""527""}",1839383,2022-04-04 08:18:46 UTC,,,
12064,0EZY28X8A9NV9Z6NECA1K8GBAR,"{""temp"": ""24.05"", ""humid"": ""52"", ""light"": ""521""}",1839383,2022-04-04 08:18:58 UTC,,,
12067,0EZY290XABT3B0Z6J54WMCHES3,"{""temp"": ""24.05"", ""humid"": ""53"", ""light"": ""486""}",1839383,2022-04-04 08:19:10 UTC,,,
12070,0EZY295GBD4DT606K1W35PK4MX,"{""temp"": ""24.06"", ""humid"": ""52"", ""light"": ""520""}",1839383,2022-04-04 08:19:25 UTC,,,
12072,0EZY2995GD6T6YBJ2J2S2R7E55,"{""temp"": ""24.06"", ""humid"": ""53"", ""light"": ""481""}",1839383,2022-04-04 08:19:37 UTC,,,
12073,0EZY29GGBQW3S8RWTAGH7H8W52,"{""temp"": ""24.06"", ""humid"": ""52"", ""light"": ""473""}",1839383,2022-04-04 08:20:02 UTC,,,
12074,0EZY29M6JHX9RYFAHQPNHZFVXX,"{""temp"": ""24.07"", ""humid"": ""51"", ""light"": ""485""}",1839383,2022-04-04 08:20:14 UTC,,,
12075,0EZY29QVREDS2F1F8S51SQ9GX2,"{""temp"": ""24.07"", ""humid"": ""51"", ""light"": ""481""}",1839383,2022-04-04 08:20:26 UTC,,,
12076,0EZY29VGXBKAWGN5MRK50G2YHB,"{""temp"": ""24.07"", ""humid"": ""51"", ""light"": ""495""}",1839383,2022-04-04 08:20:38 UTC,,,
12077,0EZY29Z6AWFFTTB162EAVHD4PX,"{""temp"": ""24.06"", ""humid"": ""52"", ""light"": ""529""}",1839383,2022-04-04 08:20:50 UTC,,,
12078,0EZY2A2W0MYTHSQADKDDRDSF52,"{""temp"": ""24.07"", ""humid"": ""52"", ""light"": ""475""}",1839383,2022-04-04 08:21:02 UTC,,,
12079,0EZY2A6HM78DVYG1NRK168KF0X,"{""temp"": ""24.07"", ""humid"": ""51"", ""light"": ""526""}",1839383,2022-04-04 08:21:14 UTC,,,
12080,0EZY2AA7KAJ7F9MQCQX36080DK,"{""temp"": ""24.06"", ""humid"": ""51"", ""light"": ""480""}",1839383,2022-04-04 08:21:26 UTC,,,
12081,0EZY2ADWFNX826H7B1BD94X26N,"{""temp"": ""24.07"", ""humid"": ""51"", ""light"": ""501""}",1839383,2022-04-04 08:21:38 UTC,,,
12082,0EZY2AHHVDC9QMTYP2SDFHXBA0,"{""temp"": ""24.07"", ""humid"": ""51"", ""light"": ""516""}",1839383,2022-04-04 08:21:50 UTC,,,
12083,0EZY2AN79ENXX4W3JM43HW8CBN,"{""temp"": ""24.06"", ""humid"": ""51"", ""light"": ""482""}",1839383,2022-04-04 08:22:02 UTC,,,
12084,0EZY2ARWZFMA04KTJPSSNDMZCT,"{""temp"": ""24.07"", ""humid"": ""51"", ""light"": ""489""}",1839383,2022-04-04 08:22:14 UTC,,,
12085,0EZY2AWJG6VGY4HJXNVE5MRZ1N,"{""temp"": ""24.06"", ""humid"": ""51"", ""light"": ""487""}",1839383,2022-04-04 08:22:26 UTC,,,
12086,0EZY2B07Y888QVCCBHN8H8AJJB,"{""temp"": ""24.06"", ""humid"": ""51"", ""light"": ""495""}",1839383,2022-04-04 08:22:38 UTC,,,
12087,0EZY2B3XNQNBVN642TM4D5K5VQ,"{""temp"": ""24.05"", ""humid"": ""51"", ""light"": ""510""}",1839383,2022-04-04 08:22:50 UTC,,,
12088,0EZY2B7JV1PFXXEGWES14XGRM9,"{""temp"": ""24.06"", ""humid"": ""51"", ""light"": ""513""}",1839383,2022-04-04 08:23:02 UTC,,,
12089,0EZY2BB8BFZHSTRA6HGD59J77T,"{""temp"": ""24.06"", ""humid"": ""51"", ""light"": ""512""}",1839383,2022-04-04 08:23:14 UTC,,,
12090,0EZY2BEXW220N37KXY4ATH7E0E,"{""temp"": ""24.06"", ""humid"": ""51"", ""light"": ""465""}",1839383,2022-04-04 08:23:26 UTC,,,
12091,0EZY2BJKNKK7A12CYPGPPP3PN2,"{""temp"": ""24.06"", ""humid"": ""51"", ""light"": ""502""}",1839383,2022-04-04 08:23:38 UTC,,,
12092,0EZY2BP8XVV41RSE5B9EMPSXDJ,"{""temp"": ""24.05"", ""humid"": ""51"", ""light"": ""480""}",1839383,2022-04-04 08:23:50 UTC,,,
12093,0EZY2BSYH28RZA59D7VNESXSH5,"{""temp"": ""24.05"", ""humid"": ""51"", ""light"": ""473""}",1839383,2022-04-04 08:24:02 UTC,,,
12094,0EZY2BYHCVGK2AEMXWP3BWWR43,"{""temp"": ""24.05"", ""humid"": ""51"", ""light"": ""520""}",1839383,2022-04-04 08:24:17 UTC,,,
12095,0EZY2C26SZ6WG1WADJJW8XASQ2,"{""temp"": ""24.04"", ""humid"": ""51"", ""light"": ""502""}",1839383,2022-04-04 08:24:29 UTC,,,
12096,0EZY2C5WQD51YH5KJ8T4RWBK5M,"{""temp"": ""24.05"", ""humid"": ""51"", ""light"": ""508""}",1839383,2022-04-04 08:24:41 UTC,,,
12097,0EZY2C9HMFXWGKMBKEV1AVC0SX,"{""temp"": ""24.05"", ""humid"": ""51"", ""light"": ""510""}",1839383,2022-04-04 08:24:53 UTC,,,
12098,0EZY2CD72BCKE4W0RR2Z19MS3B,"{""temp"": ""24.05"", ""humid"": ""51"", ""light"": ""535""}",1839383,2022-04-04 08:25:05 UTC,,,
12099,0EZY2CGWR6J4YSXH3D5M39TN21,"{""temp"": ""24.05"", ""humid"": ""51"", ""light"": ""513""}",1839383,2022-04-04 08:25:17 UTC,,,
12100,0EZY2CMJ4N78DW8Q4EVN2TZTR4,"{""temp"": ""24.04"", ""humid"": ""65"", ""light"": ""565""}",1839383,2022-04-04 08:25:29 UTC,,,
12101,0EZY2CR7PHGAEQ3YHJHWXSWWEP,"{""temp"": ""25.05"", ""humid"": ""91"", ""light"": ""477""}",1839383,2022-04-04 08:25:41 UTC,,,
12102,0EZY2CVX5N7JQS0XCCDD5MGZV5,"{""temp"": ""27.03"", ""humid"": ""93"", ""light"": ""434""}",1839383,2022-04-04 08:25:53 UTC,,,
12103,0EZY2CZKBKQGJMKGZ87B6NVCYN,"{""temp"": ""28.03"", ""humid"": ""71"", ""light"": ""374""}",1839383,2022-04-04 08:26:06 UTC,,,
12104,0EZY2D389G0FKR8YSYKKQDXW7F,"{""temp"": ""28.08"", ""humid"": ""52"", ""light"": ""325""}",1839383,2022-04-04 08:26:18 UTC,,,
12105,0EZY2D6XMZRJ9QZE51NR41F63J,"{""temp"": ""29"", ""humid"": ""75"", ""light"": ""344""}",1839383,2022-04-04 08:26:30 UTC,,,
12106,0EZY2DAK61VD1RTM35DC9X6D11,"{""temp"": ""29.04"", ""humid"": ""83"", ""light"": ""374""}",1839383,2022-04-04 08:26:42 UTC,,,
12107,0EZY2DE8KCN4CSBHBQEFW621F1,"{""temp"": ""29.07"", ""humid"": ""85"", ""light"": ""442""}",1839383,2022-04-04 08:26:54 UTC,,,
12108,0EZY2DHY018P3F94CGK6X9TRFG,"{""temp"": ""30.01"", ""humid"": ""86"", ""light"": ""446""}",1839383,2022-04-04 08:27:06 UTC,,,
12109,0EZY2DNKHVQWK12TG06TKQE7K5,"{""temp"": ""30.04"", ""humid"": ""47"", ""light"": ""462""}",1839383,2022-04-04 08:27:18 UTC,,,
12110,0EZY2DRBQR4GG25DFXRPNZ16ZV,"{""temp"": ""30"", ""humid"": ""43"", ""light"": ""479""}",1839383,2022-04-04 08:27:27 UTC,,,
12111,0EZY2DW19RBQ713X9HHDAF7KRA,"{""temp"": ""29.07"", ""humid"": ""42"", ""light"": ""378""}",1839383,2022-04-04 08:27:39 UTC,,,
12112,0EZY2DZPSR0YRW90393Y0KTKYE,"{""temp"": ""29.04"", ""humid"": ""43"", ""light"": ""380""}",1839383,2022-04-04 08:27:51 UTC,,,
12113,0EZY2E3CBPCPXAKXC5G92RQY7P,"{""temp"": ""29"", ""humid"": ""43"", ""light"": ""399""}",1839383,2022-04-04 08:28:03 UTC,,,
12114,0EZY2E71YYVC800154MW8QMJWY,"{""temp"": ""28.08"", ""humid"": ""43"", ""light"": ""398""}",1839383,2022-04-04 08:28:15 UTC,,,
12115,0EZY2EAQC7H2SVYF1F6BK9EGSB,"{""temp"": ""28.05"", ""humid"": ""44"", ""light"": ""397""}",1839383,2022-04-04 08:28:27 UTC,,,
12116,0EZY2EED16DXTFEBDBEKF4F7RH,"{""temp"": ""28.01"", ""humid"": ""45"", ""light"": ""399""}",1839383,2022-04-04 08:28:39 UTC,,,
12117,0EZY2EJ2EVQ04H8XNK4064Y47E,"{""temp"": ""27.09"", ""humid"": ""44"", ""light"": ""399""}",1839383,2022-04-04 08:28:51 UTC,,,
12118,0EZY2EX9057MS4YY8NYN855F5M,"{""temp"": ""27.04"", ""humid"": ""45"", ""light"": ""443""}",1839383,2022-04-04 08:29:28 UTC,,,
12119,0EZY2F0YNE3SV2NE1M12M5WWFH,"{""temp"": ""27.03"", ""humid"": ""46"", ""light"": ""449""}",1839383,2022-04-04 08:29:40 UTC,,,
12120,0EZY2F463A3EFP32A2PNYWHDW3,"{""temp"": ""27"", ""humid"": ""46"", ""light"": ""433""}",1839383,2022-04-04 08:29:50 UTC,,,
12121,0EZY2F8WKBX6564Q94S096ZHHN,"{""light"": ""393"", ""temp"": ""26.06"", ""humid"": ""47""}",1839383,2022-04-04 08:30:06 UTC,,,
12122,0EZY2FD0A8BQG91XPPESPRTJ94,"{""light"": ""373"", ""temp"": ""26.05"", ""humid"": ""47""}",1839383,2022-04-04 08:30:19 UTC,,,
12123,0EZY2FG7RP701WWCF2PFF6Z2QD,"{""light"": ""403"", ""temp"": ""26.03"", ""humid"": ""48""}",1839383,2022-04-04 08:30:30 UTC,,,
12124,0EZY2FKWVZBWVR99F7KNYAYFHQ,"{""light"": ""361"", ""temp"": ""26.02"", ""humid"": ""48""}",1839383,2022-04-04 08:30:42 UTC,,,
12125,0EZY2FQJZ3SJ1954VCC11X6MNF,"{""light"": ""274"", ""temp"": ""26.02"", ""humid"": ""48""}",1839383,2022-04-04 08:30:54 UTC,,,
12126,0EZY2FV7YKFMKPXDM3DZGZ495B,"{""light"": ""294"", ""temp"": ""26.02"", ""humid"": ""48""}",1839383,2022-04-04 08:31:06 UTC,,,
12127,0EZY2FYXVBQ6JFBT7DBFSHN7DM,"{""light"": ""279"", ""temp"": ""26.02"", ""humid"": ""48""}",1839383,2022-04-04 08:31:18 UTC,,,
12128,0EZY2G3GC03M3MPXETWM5G5M58,"{""light"": ""198"", ""temp"": ""26"", ""humid"": ""48""}",1839383,2022-04-04 08:31:33 UTC,,,
12129,0EZY2G68HXGNY0KPZG35Q581Z2,"{""light"": ""172"", ""temp"": ""26.05"", ""humid"": ""95""}",1839383,2022-04-04 08:31:42 UTC,,,
12130,0EZY2G9Y192TA7PHFYQ1BZBSAX,"{""light"": ""192"", ""temp"": ""27.06"", ""humid"": ""95""}",1839383,2022-04-04 08:31:54 UTC,,,
12131,0EZY2GDKHXNB739P3KAT483X1C,"{""light"": ""173"", ""temp"": ""28.08"", ""humid"": ""95""}",1839383,2022-04-04 08:32:06 UTC,,,
12132,0EZY2GH90AN7Y0QRS7DBMPDB92,"{""light"": ""181"", ""temp"": ""29.05"", ""humid"": ""95""}",1839383,2022-04-04 08:32:18 UTC,,,
12133,0EZY2GMYM1FWMRRMNBQW3HYJ5M,"{""light"": ""176"", ""temp"": ""30.03"", ""humid"": ""95""}",1839383,2022-04-04 08:32:30 UTC,,,
12134,0EZY2GRKYW3ETKQV7ZCN6ACE21,"{""light"": ""180"", ""temp"": ""30.08"", ""humid"": ""95""}",1839383,2022-04-04 08:32:42 UTC,,,
12135,0EZY2GW9HCWBQJ92HK694V3D9V,"{""light"": ""182"", ""temp"": ""31.03"", ""humid"": ""95""}",1839383,2022-04-04 08:32:54 UTC,,,
12136,0EZY2GZZ3N8A0ZAEC4FDWVKPFQ,"{""light"": ""155"", ""temp"": ""31.05"", ""humid"": ""95""}",1839383,2022-04-04 08:33:06 UTC,,,
12137,0EZY2H3MMZP5QRZ2VN1VKBQ40S,"{""light"": ""154"", ""temp"": ""31.06"", ""humid"": ""95""}",1839383,2022-04-04 08:33:18 UTC,,,
12138,0EZY2H7A5FQZ2173WFAJM8279F,"{""light"": ""153"", ""temp"": ""31"", ""humid"": ""78""}",1839383,2022-04-04 08:33:30 UTC,,,
12139,0EZY2HAZQPMTQBQS8BR65P90GV,"{""light"": ""156"", ""temp"": ""30.02"", ""humid"": ""76""}",1839383,2022-04-04 08:33:42 UTC,,,
12140,0EZY2HEN374S53S4NCJSATRHTZ,"{""light"": ""163"", ""temp"": ""29.05"", ""humid"": ""78""}",1839383,2022-04-04 08:33:54 UTC,,,
12141,0EZY2HJB0HEGSFVE27YQ0715NH,"{""light"": ""163"", ""temp"": ""28.08"", ""humid"": ""80""}",1839383,2022-04-04 08:34:06 UTC,,,
12142,0EZY2HP047AE0ZB0NX2YNJVEG2,"{""light"": ""244"", ""temp"": ""28.01"", ""humid"": ""84""}",1839383,2022-04-04 08:34:18 UTC,,,
12143,0EZY2HSNPQVKHWZRSGZT13C831,"{""light"": ""240"", ""temp"": ""27.05"", ""humid"": ""85""}",1839383,2022-04-04 08:34:30 UTC,,,
12144,0EZY2HXB9S7V3QAF4DFFKMBG1A,"{""light"": ""237"", ""temp"": ""26.09"", ""humid"": ""89""}",1839383,2022-04-04 08:34:42 UTC,,,
12145,0EZY2J10SEEVQYC6VT014N7492,"{""light"": ""217"", ""temp"": ""26.04"", ""humid"": ""90""}",1839383,2022-04-04 08:34:54 UTC,,,
12146,0EZY2J4P9RAKQYGC6733E1C8VB,"{""light"": ""235"", ""temp"": ""25.09"", ""humid"": ""92""}",1839383,2022-04-04 08:35:07 UTC,,,
12147,0EZY2J8BYFHRG6T0ZJN4GGN28K,"{""light"": ""227"", ""temp"": ""25.05"", ""humid"": ""93""}",1839383,2022-04-04 08:35:19 UTC,,,
12148,0EZY2JC1MF25C32T161XB7K09W,"{""light"": ""238"", ""temp"": ""25.01"", ""humid"": ""95""}",1839383,2022-04-04 08:35:31 UTC,,,
12149,0EZY2JGMF7TEWH9W0G6TE8PX8K,"{""light"": ""226"", ""temp"": ""24.07"", ""humid"": ""95""}",1839383,2022-04-04 08:35:46 UTC,,,
12150,0EZY2JMA3RXQ6TG6ZT9EEN545V,"{""light"": ""222"", ""temp"": ""24.05"", ""humid"": ""95""}",1839383,2022-04-04 08:35:58 UTC,,,
12151,0EZY2JQZG99XGJ25W2D8J3XWW5,"{""light"": ""231"", ""temp"": ""24.02"", ""humid"": ""95""}",1839383,2022-04-04 08:36:10 UTC,,,
12152,0EZY2JVMXGTWYBPJYX5FHHBDKP,"{""light"": ""238"", ""temp"": ""24.01"", ""humid"": ""95""}",1839383,2022-04-04 08:36:22 UTC,,,
12153,0EZY2JZAF8GXA4J95FFGZRZWZX,"{""light"": ""226"", ""temp"": ""23.08"", ""humid"": ""95""}",1839383,2022-04-04 08:36:34 UTC,,,
12154,0EZY2K2ZZETXEJ5DBJ06DF5TV0,"{""light"": ""236"", ""temp"": ""23.07"", ""humid"": ""95""}",1839383,2022-04-04 08:36:46 UTC,,,
12155,0EZY2K6NMNG0JN2BVSN7N7EHVS,"{""light"": ""238"", ""temp"": ""23.05"", ""humid"": ""95""}",1839383,2022-04-04 08:36:58 UTC,,,
12156,0EZY2KAAZG1H9QSRZQCR1C59BH,"{""light"": ""249"", ""temp"": ""23.03"", ""humid"": ""95""}",1839383,2022-04-04 08:37:10 UTC,,,
12157,0EZY2KE0E10XXTN1ZJWT89NTTN,"{""light"": ""229"", ""temp"": ""23.02"", ""humid"": ""95""}",1839383,2022-04-04 08:37:22 UTC,,,
12158,0EZY2KMJ9BRCYZ7KA1ZENAMNN1,"{""light"": ""215"", ""temp"": ""23.01"", ""humid"": ""66""}",1839383,2022-04-04 08:37:43 UTC,,,
12159,0EZY2KR8QA3NXCC9NPY4EGWM40,"{""light"": ""211"", ""temp"": ""23.02"", ""humid"": ""64""}",1839383,2022-04-04 08:37:56 UTC,,,
12160,0EZY2KVYQSVA1D3JG98E23N0BR,"{""light"": ""212"", ""temp"": ""23.03"", ""humid"": ""62""}",1839383,2022-04-04 08:38:08 UTC,,,
12161,0EZY2KZP45X9ETPZGH4YFS24XY,"{""light"": ""220"", ""temp"": ""23.04"", ""humid"": ""71""}",1839383,2022-04-04 08:38:20 UTC,,,
12162,0EZY2M3B8SSFD8CMZ3TMV49TKJ,"{""light"": ""239"", ""temp"": ""23.06"", ""humid"": ""62""}",1839383,2022-04-04 08:38:32 UTC,,,
12163,0EZY2M71HDF72202C84RJ9H7XY,"{""light"": ""224"", ""temp"": ""23.08"", ""humid"": ""60""}",1839383,2022-04-04 08:38:44 UTC,,,
12164,0EZY2MAQWDG8F3Y3KRQAPMQEV1,"{""light"": ""237"", ""temp"": ""23.08"", ""humid"": ""59""}",1839383,2022-04-04 08:38:56 UTC,,,
12165,0EZY2MEDYMYHNZ84W8F3G7WSEA,"{""light"": ""237"", ""temp"": ""23.08"", ""humid"": ""58""}",1839383,2022-04-04 08:39:08 UTC,,,
12166,0EZY2MJDQ8K45W9DTEAY9FW532,"{""light"": ""229"", ""temp"": ""24"", ""humid"": ""58""}",1839383,2022-04-04 08:39:21 UTC,,,
12167,0EZY2MNGTFF601S78Q0SYXYXW7,"{""light"": ""211"", ""temp"": ""24.01"", ""humid"": ""57""}",1839383,2022-04-04 08:39:31 UTC,,,
